City_ID,City,Lat,Lng,Max Temp,Humidity,Cloudiness,Wind Speed,Country,Date
0,keflavik,64.0049,-22.5624,9.24,100,40,3.09,IS,1688879221
1,shinshiro,34.9,137.5,28.02,85,100,1.64,JP,1688879221
2,fort bragg,35.139,-79.006,24.0,90,0,0.0,US,1688878964
3,thunder bay,48.4001,-89.3168,10.18,82,63,1.55,CA,1688879222
4,goiatuba,-18.0125,-49.3547,18.16,39,16,1.61,BR,1688879222
5,canutama,-6.5339,-64.3831,24.39,72,64,0.47,BR,1688879223
6,adamstown,-25.066,-130.1015,21.74,75,45,8.71,PN,1688879223
7,aasiaat,68.7098,-52.8699,3.92,92,100,1.23,GL,1688878840
8,alaghsas,17.0187,8.0168,30.17,42,19,0.76,NE,1688879223
9,klyuchi,52.2667,79.1667,26.19,34,4,5.03,RU,1688878835
10,gateway,26.5776,-81.7504,29.4,96,0,0.0,US,1688879224
11,box elder,41.5005,-112.8764,24.09,42,9,3.34,US,1688879224
12,ushuaia,-54.8,-68.3,3.81,70,0,8.75,AR,1688878785
13,vizinga,61.0749,50.1031,16.0,92,100,2.74,RU,1688879225
14,port douglas,-16.4833,145.4667,23.38,69,92,6.96,AU,1688879225
15,port-aux-francais,-49.35,70.2167,1.44,60,99,7.77,TF,1688878780
16,college,64.8569,-147.8028,20.04,60,10,0.45,US,1688878873
17,surat,21.1667,72.8333,28.99,94,100,5.14,IN,1688878809
18,tazacorte,28.629,-17.9293,21.54,73,0,3.09,ES,1688878901
19,dudinka,69.4058,86.1778,15.9,67,100,4.16,RU,1688878854
20,tvoroyri,61.5556,-6.8111,11.73,94,7,6.96,FO,1688879226
21,polyarnyy,69.1989,33.4478,6.84,71,100,4.42,RU,1688878620
22,jiagedaqi,50.4167,124.1167,20.69,83,100,0.87,CN,1688879227
23,isafjordur,66.0755,-23.124,11.28,59,40,2.45,IS,1688878785
24,al bardiyah,31.7561,25.0865,24.56,86,23,6.35,LY,1688879228
25,yellowknife,62.456,-114.3525,19.29,59,20,3.09,CA,1688878551
26,rio gallegos,-51.6226,-69.2181,-1.24,87,10,4.13,AR,1688879105
27,dunedin,-45.8742,170.5036,10.45,96,93,1.79,NZ,1688878583
28,la punta,-33.1837,-66.3127,9.23,78,6,1.59,AR,1688879229
29,vilyuchinsk,52.9306,158.4028,17.15,84,72,3.57,RU,1688878788
30,whitehorse,60.7161,-135.0538,25.57,24,0,1.32,CA,1688878812
31,grytviken,-54.2811,-36.5092,-5.93,84,63,5.38,GS,1688878783
32,newman,37.3138,-121.0208,21.13,54,0,3.16,US,1688879230
33,cooma,-36.2333,149.1333,9.72,61,16,5.69,AU,1688879230
34,arraial do cabo,-22.9661,-42.0278,21.44,64,55,2.37,BR,1688878790
35,el calafate,-50.3408,-72.2768,-5.09,65,9,1.2,AR,1688878794
36,colac,-38.3333,143.5833,11.76,77,58,6.57,AU,1688879231
37,punta arenas,-53.15,-70.9167,-1.94,86,0,4.12,CL,1688878782
38,kerikeri,-35.2268,173.9474,14.95,80,2,0.89,NZ,1688878853
39,jamestown,42.097,-79.2353,18.17,82,100,2.08,US,1688878797
40,hermanus,-34.4187,19.2345,8.22,76,96,7.84,ZA,1688879232
41,cabo san lucas,22.8909,-109.9124,29.78,77,10,0.89,MX,1688878845
42,san patricio,28.017,-97.5169,28.94,84,0,5.97,US,1688878857
43,blackmans bay,-43.0167,147.3167,12.07,74,59,4.26,AU,1688878798
44,praya,14.9215,-23.5087,25.3,83,75,5.14,CV,1688879233
45,puerto lempira,15.2667,-83.7667,26.03,90,98,3.2,HN,1688879233
46,bethel,41.3712,-73.414,23.08,92,56,0.47,US,1688878555
47,zheshart,62.0731,49.5733,13.2,98,100,2.26,RU,1688879233
48,lan sak,15.4529,99.5761,33.66,52,95,2.19,TH,1688879234
49,puerto natales,-51.7236,-72.4875,-4.21,89,10,0.99,CL,1688878787
50,carnarvon,-24.8667,113.6333,22.56,31,1,2.31,AU,1688878869
51,edinburgh of the seven seas,-37.0676,-12.3116,15.29,79,95,11.31,SH,1688878797
52,nadym,65.5333,72.5167,14.53,55,100,3.68,RU,1688878917
53,belmonte,-15.8631,-38.8828,22.66,88,19,3.23,BR,1688878831
54,codrington,-38.2667,141.9667,13.72,76,48,8.45,AU,1688878850
55,albany,42.6001,-73.9662,22.19,93,80,1.05,US,1688878800
56,kapuskasing,49.4169,-82.4331,15.05,72,75,3.09,CA,1688878796
57,vorgashor,67.5833,63.95,7.92,68,100,2.32,RU,1688878794
58,ust-nera,64.5667,143.2,7.72,82,100,3.91,RU,1688878783
59,copiapo,-27.3667,-70.3333,7.83,61,82,0.88,CL,1688879236
60,itoman,26.1247,127.6694,32.01,74,20,5.14,JP,1688878936
61,bridgewater,44.3835,-64.5155,18.71,96,86,0.75,CA,1688879237
62,ribeira grande,38.5167,-28.7,20.43,93,70,1.34,PT,1688878785
63,ta`u,-14.2336,-169.5144,27.63,78,90,5.61,AS,1688878796
64,waitangi,-43.9535,-176.5597,9.9,87,78,2.24,NZ,1688878787
65,bad freienwalde,52.7873,14.0304,20.98,81,6,1.34,DE,1688879238
66,santa elena de uairen,4.6167,-61.1333,18.72,89,32,1.37,VE,1688879238
67,egilsstadir,65.2653,-14.3948,15.84,82,100,1.31,IS,1688878945
68,susuman,62.7833,148.1667,5.72,86,100,4.11,RU,1688878823
69,poronaysk,49.2167,143.1167,20.55,80,12,3.45,RU,1688878922
70,alice springs,-23.7,133.8833,18.75,32,1,7.1,AU,1688878612
71,georgetown,5.4112,100.3354,28.96,82,20,2.24,MY,1688878783
72,lillehammer,61.1146,10.4674,16.73,66,100,0.18,NO,1688879240
73,bandarbeyla,9.4942,50.8122,28.1,54,9,12.68,SO,1688879240
74,beloyarskiy,63.7119,66.6722,20.16,53,98,0.88,RU,1688879241
75,puerto ayora,-0.7393,-90.3518,25.31,91,19,2.68,EC,1688878782
76,rehau,50.25,12.0333,19.37,55,15,0.0,DE,1688879241
77,saint-philippe,-21.3585,55.7679,23.77,75,59,6.71,RE,1688878954
78,marshall,34.3834,-86.3333,23.86,92,40,2.57,US,1688879242
79,koryazhma,61.3143,47.1691,13.51,95,100,2.73,RU,1688879242
80,hadibu,12.65,54.0333,25.92,77,99,10.22,YE,1688878868
81,papatowai,-46.5619,169.4708,8.28,91,95,1.45,NZ,1688878780
82,yorkton,51.2167,-102.4677,15.31,62,84,4.02,CA,1688878919
83,longyearbyen,78.2186,15.6401,6.91,87,75,5.14,SJ,1688878796
84,medicine hat,50.0501,-110.6683,21.23,53,16,2.65,CA,1688879243
85,berbera,10.4396,45.0143,33.72,36,31,12.48,SO,1688879090
86,saint-pierre,-21.3393,55.4781,25.32,69,0,8.75,RE,1688878953
87,ujae,8.9322,165.7642,28.59,78,99,6.71,MH,1688878814
88,aripuana,-9.1667,-60.6333,21.99,56,1,0.77,BR,1688879244
89,vadso,70.0744,29.7487,7.09,81,100,2.06,NO,1688879244
90,kapa'a,22.0752,-159.319,25.05,72,99,0.89,US,1688878943
91,gadzhiyevo,69.2551,33.3362,6.75,71,100,4.41,RU,1688878827
92,hanceville,34.0607,-86.7675,23.14,99,91,2.06,US,1688879245
93,aykhal,66.0,111.5,25.94,31,36,8.46,RU,1688878872
94,hami,42.8,93.45,32.74,20,100,6.94,CN,1688879068
95,muroto-misakicho,33.2833,134.15,26.65,91,98,7.61,JP,1688879133
96,mitu,1.1983,-70.1733,22.43,96,99,0.29,CO,1688878860
97,afaahiti,-17.75,-149.2833,25.93,81,58,10.0,PF,1688878819
98,black point,-34.6187,137.8972,15.04,68,64,6.91,AU,1688879247
99,utrik,11.2278,169.8474,27.97,81,99,9.24,MH,1688878792
100,puerto leguizamo,-0.1934,-74.7819,22.04,99,100,1.04,CO,1688879248
101,atafu village,-8.5421,-172.5159,28.87,75,73,7.65,TK,1688878784
102,stanley,54.868,-1.6985,15.85,93,40,1.54,GB,1688878840
103,tateyama,34.9833,139.8667,25.6,90,100,14.18,JP,1688879147
104,rusape,-18.5278,32.1284,8.02,74,0,2.4,ZW,1688879249
105,dalai,45.5,124.3,26.77,61,100,4.27,CN,1688879249
106,maasim,5.8575,125.0061,29.29,76,92,4.07,PH,1688879249
107,nova sintra,14.8667,-24.7167,22.26,87,92,3.94,CV,1688878876
108,talnakh,69.4865,88.3972,15.67,90,100,1.43,RU,1688878786
109,hawaiian paradise park,19.5933,-154.9731,22.8,96,95,4.64,US,1688878808
110,port mathurin,-19.6833,63.4167,23.48,73,47,11.41,MU,1688878867
111,bilaspur,22.0833,82.15,26.03,84,100,4.27,IN,1688879251
112,san fernando de apure,7.8878,-67.4724,22.82,95,43,0.45,VE,1688879251
113,kone,-21.0595,164.8658,22.18,64,100,3.09,NC,1688879251
114,pacific grove,36.6177,-121.9166,14.27,84,100,4.12,US,1688879251
115,rawson,-43.3002,-65.1023,6.73,93,100,7.42,AR,1688878794
116,invercargill,-46.4,168.35,7.83,92,98,0.6,NZ,1688878792
117,varna,43.2167,27.9167,22.94,52,0,7.2,BG,1688879060
118,goole,53.7167,-0.8667,17.23,95,100,2.37,GB,1688879253
119,tindouf,27.6711,-8.1474,24.87,38,0,5.24,DZ,1688879253
120,saipan,15.1355,145.701,30.36,100,54,6.71,MP,1688878918
121,pionerskiy,54.9508,20.2275,15.91,71,8,1.96,RU,1688879253
122,port elizabeth,-33.918,25.5701,9.5,76,75,8.23,ZA,1688878819
123,port augusta,-32.5,137.7667,18.07,46,44,4.95,AU,1688879254
124,thompson,55.7435,-97.8558,13.09,88,100,5.66,CA,1688878792
125,remire-montjoly,4.9167,-52.2667,24.02,100,0,0.0,GF,1688878833
126,inskoy,54.4297,86.44,17.82,87,99,5.0,RU,1688879255
127,dul'durga,50.6761,113.5931,24.76,59,72,3.78,RU,1688879255
128,porto murtinho,-21.6989,-57.8825,25.09,55,94,1.25,BR,1688879255
129,tommot,58.9564,126.2925,19.8,44,1,4.47,RU,1688879256
130,hamilton,39.1834,-84.5333,22.43,93,75,0.0,US,1688878851
131,kodiak,57.79,-152.4072,10.6,89,72,5.24,US,1688878826
132,bilibino,68.0546,166.4372,25.3,27,29,4.8,RU,1688878782
133,valdivia,-39.8142,-73.2459,6.05,93,63,1.42,CL,1688879257
134,anadyr,64.75,177.4833,14.28,54,40,3.0,RU,1688879163
135,starke,29.9441,-82.1098,27.08,100,20,3.6,US,1688879257
136,verkhniy ufaley,56.0567,60.2306,26.53,42,2,2.11,RU,1688879258
137,port lincoln,-34.7333,135.8667,14.69,70,88,6.55,AU,1688878844
138,ilulissat,69.2167,-51.1,7.01,81,75,1.03,GL,1688878826
139,puerto quijarro,-17.7833,-57.7667,22.33,56,0,0.65,BO,1688879258
140,laayoune,27.1622,-13.2032,20.23,82,3,6.47,EH,1688879259
141,mirador,-6.3708,-44.3631,21.85,73,43,1.42,BR,1688879259
142,grand-lahou,5.1367,-5.0242,23.93,91,92,3.21,CI,1688879260
143,olyokminsk,60.3736,120.4264,24.92,26,5,1.98,RU,1688878920
144,iqaluit,63.7506,-68.5145,5.85,93,75,3.09,CA,1688878784
145,peniche,39.3558,-9.3811,16.63,93,0,4.04,PT,1688879261
146,sarikei,2.1167,111.5167,31.29,59,86,1.77,MY,1688879261
147,nabire,-3.3667,135.4833,26.25,90,67,1.76,ID,1688879261
148,bamboo flat,11.7,92.7167,28.81,74,100,1.11,IN,1688878818
149,constantia,44.1833,28.65,17.38,57,99,10.65,RO,1688878869
150,ulricehamn,57.7916,13.4142,15.3,78,81,1.18,SE,1688879262
151,luderitz,-26.6481,15.1594,11.43,69,0,7.39,,1688878818
152,cuatro cienegas de carranza,26.9833,-102.0833,29.57,53,5,1.94,MX,1688879263
153,mil'kovo,55.6078,37.7956,20.59,57,100,2.95,RU,1688879263
154,taroa,8.7058,171.2275,28.26,79,71,7.9,MH,1688878877
155,la quiaca,-22.1024,-65.593,4.54,8,47,1.58,AR,1688879263
156,badger,64.8,-147.5333,19.99,51,11,2.3,US,1688878791
157,porto novo,6.4965,2.6036,22.91,97,97,1.08,BJ,1688878838
158,devonport,-41.1667,146.35,14.73,72,51,1.34,AU,1688879264
159,pariaman,-0.619,100.12,30.03,68,69,3.03,ID,1688878877
160,east london,-33.0153,27.9116,12.73,54,4,9.61,ZA,1688878889
161,tiksi,71.6872,128.8694,3.39,65,74,3.28,RU,1688878522
162,harper,4.375,-7.7169,24.3,88,100,2.79,LR,1688879265
163,la gi,10.6667,107.7833,30.92,66,86,3.78,VN,1688879243
164,kenai,60.5544,-151.2583,11.19,86,100,3.6,US,1688879266
165,bulgan,48.8125,103.5347,16.52,87,100,2.35,MN,1688878552
166,qaqortoq,60.7167,-46.0333,6.0,85,88,2.07,GL,1688878880
167,baabda,33.8339,35.5442,26.43,69,2,7.2,LB,1688879267
168,baiyin,36.5583,104.2081,32.56,21,1,4.73,CN,1688878996
169,el sauzal de rodriguez,31.9,-116.6833,16.34,75,23,1.44,MX,1688879267
170,ambon,-3.6954,128.1814,27.71,95,40,5.14,ID,1688879268
171,palikir - national government center,6.9248,158.1611,30.41,74,100,2.06,FM,1688879268
172,kuta,-8.7233,115.1723,28.97,79,20,7.2,ID,1688879269
173,i-n-salah,27.1935,2.4607,33.0,10,0,8.42,DZ,1688878798
174,irbit,57.6705,63.071,25.92,55,11,3.85,RU,1688879269
175,ola,59.5833,151.2833,12.01,93,100,1.37,RU,1688879269
176,horta,38.5333,-28.6333,20.01,93,73,1.34,PT,1688878872
177,chenab nagar,31.7541,72.92,31.54,55,68,4.14,PK,1688879270
178,yoshii,36.25,138.9833,32.93,57,100,1.49,JP,1688879270
179,liepaja,56.5419,21.0367,14.99,94,0,1.54,LV,1688879271
180,acarau,-2.8856,-40.12,24.4,87,0,5.51,BR,1688878906
181,kholmsk,47.0511,142.0569,22.02,74,39,4.59,RU,1688879271
182,perene,-10.9492,-75.2261,21.3,94,70,0.38,PE,1688879271
183,siwa oasis,29.2041,25.5195,27.36,53,0,3.81,EG,1688878968
184,bredasdorp,-34.5322,20.0403,9.71,85,96,4.7,ZA,1688878791
185,sodra sandby,56.5667,16.6167,16.92,85,78,2.52,SE,1688879272
186,talara,-4.5772,-81.2719,23.24,78,95,7.86,PE,1688879273
187,pasighat,28.0667,95.3333,25.44,98,100,1.16,IN,1688879273
188,maraba,-5.3686,-49.1178,24.1,100,0,0.0,BR,1688879260
189,nevel'sk,46.6733,141.8633,19.83,83,69,5.47,RU,1688879273
190,salekhard,66.53,66.6019,15.01,73,100,1.29,RU,1688879169
191,chos malal,-37.3781,-70.2709,3.94,78,14,1.97,AR,1688879274
192,nuriootpa,-34.4833,139.0,13.88,76,30,7.4,AU,1688879274
193,krnov,50.0897,17.7039,20.32,61,4,1.14,CZ,1688879274
194,puri,19.8,85.85,32.29,68,82,4.54,IN,1688879275
195,pisco,-13.7,-76.2167,17.03,77,1,0.0,PE,1688879275
196,fale old settlement,-9.3852,-171.2468,28.44,79,84,7.16,TK,1688879275
197,richards bay,-28.783,32.0377,18.58,77,98,5.37,ZA,1688878871
198,plastun,44.7561,136.2939,27.94,54,84,3.4,RU,1688879276
199,poplar bluff,36.757,-90.3929,22.96,81,100,0.0,US,1688879276
200,oeiras do para,-2.0031,-49.8544,22.83,94,22,1.28,BR,1688879276
201,camabatela,-8.1881,15.375,13.34,53,83,1.23,AO,1688879277
202,iskateley,67.6803,53.1512,7.9,67,100,4.77,RU,1688878800
203,iwye,53.9299,25.7727,16.08,75,0,1.81,BY,1688879277
204,springbok,-29.6643,17.8865,3.32,93,75,5.66,ZA,1688879278
205,champerico,14.3,-91.9167,26.54,83,100,2.53,GT,1688878920
206,sampit,-2.5333,112.95,32.48,47,23,2.01,ID,1688879278
207,amga,60.8953,131.9608,20.29,33,4,5.42,RU,1688878935
208,udachny,66.4167,112.4,27.55,27,42,8.67,RU,1688878827
209,hobyo,5.3505,48.5268,26.82,66,85,11.49,SO,1688878817
210,port alfred,-33.5906,26.891,11.93,60,29,11.85,ZA,1688878905
211,west island,-12.1568,96.8225,26.99,74,40,5.66,CC,1688878850
212,el nido,11.1858,119.3956,29.83,66,96,1.99,PH,1688879280
213,bludenz,47.1497,9.8167,21.37,84,30,2.09,AT,1688879280
214,tazovsky,67.4667,78.7,12.02,71,30,6.14,RU,1688878835
215,gisborne,-38.6533,178.0042,12.25,93,100,4.77,NZ,1688878829
216,olonkinbyen,70.9221,-8.7187,5.11,92,100,5.84,SJ,1688878806
217,nizhnedevitsk,51.5419,38.3657,18.62,96,100,6.94,RU,1688879281
218,nacala,-14.5428,40.6728,22.9,72,61,1.83,MZ,1688879282
219,maceio,-9.6658,-35.7353,23.69,94,75,1.54,BR,1688879282
220,ancud,-41.8697,-73.8203,8.41,82,99,5.99,CL,1688878821
221,kolonia,50.9333,6.95,24.42,71,0,1.03,DE,1688879283
222,santiago,-33.4569,-70.6483,13.52,82,75,2.57,CL,1688879283
223,abalak,58.1286,68.5944,18.36,69,100,2.02,RU,1688878853
224,lorengau,-2.0226,147.2712,26.08,88,100,3.85,PG,1688879284
225,kyabe,9.4515,18.9449,22.44,91,100,2.66,TD,1688879284
226,riverton,40.5219,-111.9391,26.27,38,0,3.09,US,1688879285
227,haiku-pauwela,20.9219,-156.3051,25.28,81,87,4.47,US,1688878860
228,juneau,58.3019,-134.4197,20.0,42,20,3.6,US,1688879285
229,nova vicosa,-17.8919,-39.3719,21.37,92,2,4.27,BR,1688878881
230,belyy yar,53.6039,91.3903,23.94,57,0,4.0,RU,1688878939
231,lucapa,-8.4192,20.7447,14.44,45,10,1.93,AO,1688879286
232,lionel town,17.8101,-77.2406,26.27,83,0,2.97,JM,1688879287
233,cockburn town,21.4612,-71.1419,28.26,79,23,8.03,TC,1688878902
234,margaret river,-33.95,115.0667,16.14,70,100,7.7,AU,1688878780
235,bangassou,4.7413,22.8184,20.06,83,72,1.04,CF,1688879287
236,mizque,-17.941,-65.3402,12.97,82,7,1.63,BO,1688879288
237,funadhoo,6.15,73.2667,28.23,72,89,5.61,MV,1688879288
238,fortuna,40.5982,-124.1573,14.19,85,100,3.09,US,1688879288
239,cleburne,32.3476,-97.3867,31.76,64,0,5.14,US,1688879288
240,rongelap,11.1635,166.8941,28.21,81,99,7.78,MH,1688878958
241,port hedland,-20.3167,118.5667,27.03,21,1,6.69,AU,1688879289
242,mamuju,-2.6748,118.8885,29.24,68,37,2.69,ID,1688879289
243,forster,-32.1667,152.5167,20.16,39,0,8.01,AU,1688879289
244,luganville,-15.5333,167.1667,26.56,72,69,4.29,VU,1688879290
245,aioun,16.6614,-9.6149,32.06,40,10,6.84,MR,1688878882
246,chonchi,-42.6128,-73.8092,6.18,90,100,3.37,CL,1688878828
247,port saint john's,-31.6229,29.5448,13.74,65,81,4.18,ZA,1688878856
248,baharly,38.4362,57.4316,37.49,12,0,7.76,TM,1688879291
249,ulaangom,49.9811,92.0667,25.86,34,90,4.46,MN,1688879291
250,thatcham,51.4037,-1.2605,16.16,94,99,2.51,GB,1688879291
251,lebu,-37.6167,-73.65,9.19,78,94,1.09,CL,1688878828
252,chinchilla,-26.75,150.6333,17.99,39,96,5.51,AU,1688879292
253,vila do maio,15.1333,-23.2167,25.44,85,74,6.18,CV,1688879292
254,wayne,42.2506,-83.2833,18.94,92,40,2.57,US,1688879293
255,barra do corda,-5.5,-45.25,23.36,73,54,1.22,BR,1688879293
256,noosa heads,-26.3833,153.15,22.28,45,90,2.98,AU,1688879293
257,gurun,5.8172,100.4738,25.95,91,100,2.47,MY,1688879293
258,manokwari,-0.8667,134.0833,26.14,85,100,2.79,ID,1688879294
259,kidal,18.4411,1.4078,30.08,32,2,0.74,ML,1688879294
260,ritchie,-29.038,24.6028,2.36,86,6,3.87,ZA,1688879294
261,big stone gap,36.8677,-82.7745,22.41,98,100,1.75,US,1688879295
262,zhangye,38.9342,100.4517,35.71,17,7,2.39,CN,1688879269
263,west memphis,35.1465,-90.1845,23.53,94,75,3.6,US,1688879295
264,ternate,0.8,127.4,27.13,84,92,5.54,ID,1688879296
265,sinabang,2.4803,96.3801,27.34,79,93,1.05,ID,1688878962
266,howrah,22.5892,88.3103,33.0,66,40,2.57,IN,1688879158
267,uturoa,-16.7333,-151.4333,27.01,81,7,8.72,PF,1688878809
268,sangueya,10.7,-14.3667,24.26,94,94,1.0,GN,1688879297
269,frontera,26.9333,-101.45,29.07,63,70,2.7,MX,1688879297
270,zeya,53.75,127.2667,29.03,29,15,4.18,RU,1688878826
271,vernon,50.2581,-119.2691,23.2,62,16,1.42,CA,1688879297
272,cuito,-12.3833,16.9333,7.45,56,3,0.74,AO,1688879298
273,rosarito,32.3333,-117.0333,17.53,82,33,1.47,MX,1688879298
274,tadine,-21.55,167.8833,21.35,61,87,5.07,NC,1688878966
275,mermoz boabab,14.7065,-17.4758,26.31,80,96,6.0,SN,1688879298
276,riosucio,5.4216,-75.7032,14.97,97,85,0.45,CO,1688879299
277,kasaragod,12.5,75.0,27.96,78,100,3.05,IN,1688879299
278,saudarkrokur,65.7461,-19.6394,14.39,70,55,1.45,IS,1688878863
279,happy valley-goose bay,53.3168,-60.3315,18.17,88,100,2.06,CA,1688878822
280,micheweni,-4.9667,39.8333,24.89,77,40,5.16,TZ,1688879300
281,perevolotskiy,51.8763,54.1938,30.19,35,63,1.28,RU,1688879300
282,vyazemskiy,47.5378,134.7525,33.06,34,47,2.01,RU,1688879301
283,hasaki,35.7333,140.8333,31.79,77,100,9.47,JP,1688878899
284,la sarre,48.8002,-79.1996,13.24,99,99,2.91,CA,1688879301
285,shiyan,32.6475,110.7781,35.23,44,0,1.71,CN,1688879301
286,ouarzazat,30.9189,-6.8934,26.55,18,0,1.02,MA,1688879302
287,kill devil hills,36.0307,-75.676,27.01,94,40,0.0,US,1688879302
288,puerto baquerizo moreno,-0.9,-89.6,24.95,77,67,5.99,EC,1688878904
289,ciudad guayana,8.3533,-62.6528,25.29,97,64,2.51,VE,1688879302
290,tecklenburg,52.2167,7.8333,21.6,64,0,0.51,DE,1688879303
291,prado,-17.3411,-39.2208,20.64,95,10,3.17,BR,1688879303
292,mezhdurechensk,53.6942,88.0603,19.69,87,98,3.65,RU,1688879266
293,aulnoye-aymeries,50.2014,3.8384,21.57,86,22,1.89,FR,1688879303
294,namibe,-15.1961,12.1522,17.23,82,0,0.23,AO,1688878852
295,gubakha,58.8386,57.5532,23.24,63,61,3.17,RU,1688879304
296,crane,31.3974,-102.3501,29.44,41,1,7.45,US,1688878786
297,qarazhal,48.0078,70.7903,27.9,25,6,4.8,KZ,1688879305
298,grants,35.1473,-107.8514,24.13,15,0,2.57,US,1688879305
299,tughyl,47.7252,84.2063,21.35,59,100,4.74,KZ,1688879306
300,oranjemund,-28.55,16.4333,11.76,75,16,4.24,,1688878802
301,hithadhoo,-0.6,73.0833,27.46,72,96,2.31,MV,1688879306
302,gereida,11.2811,25.1414,23.82,80,87,2.9,SD,1688879307
303,geraldton,-28.7667,114.6,19.23,55,0,0.51,AU,1688878919
304,ciudad satelite,19.5167,-99.25,16.05,87,89,0.86,MX,1688879307
305,swift current,50.2834,-107.8014,19.05,48,22,1.91,CA,1688879307
306,okhotsk,59.3833,143.3,18.19,54,18,4.87,RU,1688878867
307,enewetak,11.3474,162.3373,28.4,80,99,6.79,MH,1688878788
308,chegdomyn,51.1167,133.0167,30.15,38,81,2.93,RU,1688879308
309,dapa,9.7594,126.0531,29.09,72,100,4.89,PH,1688879309
310,porbandar,21.6422,69.6093,28.99,89,75,5.14,IN,1688879309
311,san juan bautista,-14.0108,-75.7358,16.4,74,3,0.77,PE,1688879309
312,tezu,27.9167,96.1667,24.92,99,100,0.69,IN,1688879309
313,conduaga,8.862,117.4893,28.93,74,99,1.09,PH,1688879310
314,satsuma,30.8532,-88.0561,28.91,81,20,2.58,US,1688879310
315,wailua homesteads,22.0669,-159.378,24.3,74,99,2.68,US,1688878812
316,soc trang,9.6033,105.98,31.71,63,58,4.02,VN,1688879139
317,broken hill,-31.95,141.4333,15.05,50,0,5.1,AU,1688878834
318,senanga,-16.1167,23.2667,8.61,71,0,2.34,ZM,1688878894
319,naze,28.3667,129.4833,27.78,77,34,5.75,JP,1688878831
320,ban phan don,17.1427,102.9726,34.39,99,100,2.44,TH,1688879092
321,tarauaca,-8.1614,-70.7656,22.01,97,77,1.3,BR,1688879312
322,chorzow,50.3058,18.9742,20.8,88,4,1.59,PL,1688879014
323,castillos,-34.1667,-53.8333,10.3,83,77,1.65,UY,1688878852
324,blackwater,-23.5833,148.8833,22.57,21,0,3.63,AU,1688879312
325,aiquile,-18.2041,-65.1807,11.01,88,5,1.73,BO,1688879313
326,lerwick,60.1545,-1.1494,15.0,81,3,5.68,GB,1688879313
327,borgarnes,64.5383,-21.9206,13.25,71,60,0.4,IS,1688879313
328,yugorsk,61.3133,63.3319,16.76,90,100,2.09,RU,1688879314
329,weno,7.4515,151.8468,27.79,80,100,6.57,FM,1688878933
330,labrador city,52.9463,-66.9114,16.16,60,96,2.29,CA,1688878907
331,khandyga,62.6667,135.6,19.19,28,72,5.42,RU,1688878898
332,mahanoro,-19.9,48.8,20.61,89,61,1.34,MG,1688879315
333,semey,50.4111,80.2275,25.12,50,20,4.0,KZ,1688879315
334,maintirano,-18.0667,44.0167,22.52,66,30,1.91,MG,1688879315
335,takestan,36.0696,49.6959,30.62,16,0,6.22,IR,1688879316
336,ifaki,7.7894,5.2485,20.13,99,100,1.44,NG,1688879316
337,tura,25.5198,90.2201,29.55,71,99,3.1,IN,1688878939
338,kununurra,-15.7667,128.7333,25.99,24,40,6.17,AU,1688878868
339,dickinson,29.4608,-95.0513,29.04,90,20,2.57,US,1688879317
340,kaga bandoro,6.9896,19.1874,20.06,88,100,0.56,CF,1688879317
341,nar'yan-mar,67.6713,53.087,7.99,67,100,4.76,RU,1688878960
342,jayapura,-2.5333,140.7,30.66,80,100,1.19,ID,1688879318
343,ibaiti,-23.8486,-50.1878,13.69,97,74,1.22,BR,1688879318
344,myeik,12.4333,98.6,29.14,74,100,1.38,MM,1688879318
345,santa cruz,-17.8,-63.1667,22.56,76,62,2.39,BO,1688879319
346,huanren,41.2647,125.3667,28.27,63,45,3.37,CN,1688878900
347,luanda,-8.8368,13.2343,18.5,93,63,1.59,AO,1688879319
348,touros,-5.1989,-35.4608,24.08,89,21,4.26,BR,1688878804
349,neryungri,56.6709,124.6491,20.01,40,4,4.86,RU,1688879320
350,avarua,-21.2078,-159.775,26.03,89,75,5.14,CK,1688878795
351,salinas,36.6777,-121.6555,15.05,81,100,6.17,US,1688879321
352,linxia chengguanzhen,35.6003,103.2064,28.78,38,1,1.69,CN,1688879321
353,mbake,14.7903,-15.908,27.45,67,81,4.15,SN,1688879322
354,sisimiut,66.9395,-53.6735,8.55,83,100,1.75,GL,1688878852
355,aswan,24.0934,32.907,31.69,24,38,5.61,EG,1688879322
356,halifax,44.6453,-63.5724,19.17,96,100,0.57,CA,1688879322
357,manggar,-2.8833,108.2667,29.24,72,33,6.26,ID,1688879323
358,sault ste. marie,46.5168,-84.3333,13.16,94,20,0.0,CA,1688879070
359,shannon,52.7039,-8.8642,14.0,88,75,3.6,IE,1688879324
360,tambacounda,13.7539,-13.7586,27.47,77,53,2.93,SN,1688879324
361,brisas de zicatela,15.8369,-97.0419,26.29,65,75,1.54,MX,1688879325
362,hinton,53.4001,-117.5857,18.4,67,66,1.42,CA,1688879325
363,selfoss,63.9331,-20.9971,13.83,73,80,1.3,IS,1688878900
364,wamba,8.9333,8.6,21.58,98,96,0.57,NG,1688879326
365,nemuro,43.3236,145.575,16.55,89,76,4.77,JP,1688878634
366,vostochnyy,55.8167,37.8667,20.47,55,100,2.5,RU,1688879326
367,tucurui,-3.7661,-49.6725,23.69,84,48,1.26,BR,1688879327
368,ulladulla,-35.35,150.4667,16.61,50,7,6.57,AU,1688879327
369,ivdel',60.6911,60.4206,20.08,84,97,0.98,RU,1688879327
370,saint-joseph,-21.3667,55.6167,24.71,70,41,6.36,RE,1688879328
371,margate,51.3813,1.3862,18.16,90,97,0.89,GB,1688878967
372,baiao,-2.7906,-49.6717,23.63,84,31,1.11,BR,1688879328
373,cabedelo,-6.9811,-34.8339,24.71,84,64,3.57,BR,1688878832
374,gwadar,25.1216,62.3254,29.31,71,98,3.3,PK,1688879329
375,tolanaro,-25.0319,46.9987,20.31,74,3,2.62,MG,1688878820
376,tofol,5.3248,163.0078,29.88,74,100,3.6,FM,1688879329
377,san antonio de pale,-1.4014,5.6325,23.49,82,100,4.39,GQ,1688878821
378,mount gambier,-37.8333,140.7667,12.84,77,92,5.69,AU,1688878811
379,ko pha ngan,9.7578,100.0291,23.1,88,100,3.01,TH,1688878836
380,bardai,11.65,7.2333,22.73,82,100,3.27,NG,1688879330
381,tralee,52.2704,-9.7026,11.94,93,100,2.85,IE,1688878813
382,praskoveya,44.7444,44.2031,25.85,59,100,2.79,RU,1688879331
383,pankrushikha,53.8319,80.3406,25.07,38,11,5.08,RU,1688879331
384,sadovoye,47.7764,44.5089,23.56,68,100,5.64,RU,1688879331
385,dezhou,37.4486,116.2925,39.94,16,0,3.64,CN,1688878941
386,quellon,-43.1167,-73.6167,7.14,100,100,1.03,CL,1688879332
387,vila franca do campo,37.7167,-25.4333,17.23,77,4,1.87,PT,1688879332
388,antalaha,-14.9003,50.2788,22.01,82,87,3.11,MG,1688879333
389,justo daract,-33.8594,-65.1828,10.27,82,22,2.88,AR,1688879333
390,gwanda,-20.9333,29.0,10.94,55,0,2.32,ZW,1688879333
391,mount isa,-20.7333,139.5,21.87,23,5,5.14,AU,1688878787
392,den helder,52.9599,4.7593,21.65,93,100,2.68,NL,1688879334
393,sao vicente,-23.9631,-46.3919,22.37,26,96,0.45,BR,1688879334
394,dhuusamarreeb,5.535,46.3861,25.88,58,92,11.44,SO,1688879334
395,san carlos,9.6612,-68.5827,22.56,97,95,1.35,VE,1688879335
396,sanshui,23.1549,112.8916,34.99,1,83,4.36,CN,1688879335
397,urbano santos,-3.2078,-43.4036,22.42,98,47,0.89,BR,1688879335
398,boa vista,2.8197,-60.6733,25.99,83,0,1.54,BR,1688879335
399,konarka,19.9,86.1167,32.22,63,66,4.87,IN,1688879336
400,ararat,39.8317,44.7049,24.19,44,2,3.09,AM,1688879336
401,mareeba,-17.0,145.4333,22.47,75,25,3.53,AU,1688879336
402,kharkhorin,47.1975,102.8238,22.14,56,100,3.61,MN,1688879337
403,petropavlovsk-kamchatsky,53.0452,158.6483,16.33,77,75,7.0,RU,1688878797
404,skopin,53.8249,39.5505,17.13,97,100,7.51,RU,1688879337
405,kodoli,16.8833,74.2,24.23,85,100,5.79,IN,1688879337
406,prince rupert,54.3161,-130.3201,12.05,100,100,1.54,CA,1688878884
407,amanganj,24.4333,80.0333,30.39,70,98,4.2,IN,1688879338
408,hohoe,7.1518,0.4736,22.61,97,100,0.97,GH,1688879338
409,ewo,-0.8725,14.8206,24.23,64,72,2.33,CG,1688879338
410,puerto aysen,-45.4,-72.7,-0.91,99,100,1.06,CL,1688878957
411,dryden,49.7833,-92.7503,12.89,60,93,3.57,CA,1688878927
412,daru,-9.0763,143.2092,25.68,89,96,7.71,PG,1688878876
413,beregovoy,55.173,73.2198,23.03,42,91,4.79,RU,1688879339
414,chyorny yar,48.0624,46.1091,29.83,40,100,1.14,RU,1688879340
415,sant lluis,39.8526,4.2594,24.22,94,75,4.12,ES,1688879340
416,tchintabaraden,15.8969,5.7985,30.68,48,76,5.73,NE,1688879340
417,morehead city,34.7229,-76.726,29.0,88,20,2.57,US,1688879341
418,banjar,-8.19,114.9675,28.46,79,69,1.06,ID,1688879107
419,prince albert,53.2001,-105.7677,19.57,56,57,5.34,CA,1688879342
420,itamaraca,-7.7478,-34.8256,24.03,86,10,2.0,BR,1688879342
421,edd,13.9297,41.6925,33.89,56,100,2.81,ER,1688879343
422,grand rapids,42.9634,-85.6681,16.23,93,26,0.68,US,1688879343
423,balqash,46.8481,74.995,28.33,30,0,3.0,KZ,1688879344
424,ambato boeny,-16.4667,46.7167,21.24,61,5,2.39,MG,1688879344
425,hotan,37.0997,79.9269,21.07,54,100,4.07,CN,1688878843
426,queenstown,-31.8976,26.8753,3.36,76,76,4.86,ZA,1688878927
427,madalena,41.2162,-8.3345,14.75,96,16,0.85,PT,1688879345
428,mandalgovi,45.7625,106.2708,25.25,35,100,2.98,MN,1688878911
429,tabou,4.423,-7.3528,24.44,88,98,2.63,CI,1688878859
430,fauske,67.2588,15.3918,10.53,76,89,1.12,NO,1688879346
431,usinsk,65.9939,57.5281,11.51,73,100,4.54,RU,1688879346
432,cananea,30.95,-110.3,21.06,68,70,1.7,MX,1688879346
433,sensuntepeque,13.8667,-88.6333,19.7,95,100,0.52,SV,1688879347
434,north shore,-36.8,174.75,14.66,77,74,3.13,NZ,1688879347
435,xudat,41.631,48.681,28.85,48,93,2.58,AZ,1688879347
436,hakha,22.65,93.6167,23.39,69,100,0.21,MM,1688879348
437,bandon,51.7469,-8.7425,11.77,93,81,2.38,IE,1688879348
438,napier,-39.4833,176.9167,11.82,96,100,1.34,NZ,1688879293
439,vychegodskiy,61.247,46.8984,13.52,94,100,2.72,RU,1688879349
440,san luis de la loma,17.2706,-100.8939,26.99,87,99,1.7,MX,1688878906
441,balerno,55.8844,-3.3398,13.87,95,75,5.14,GB,1688879349
442,camana,-16.6228,-72.7111,16.48,83,45,3.45,PE,1688879349
443,saint-francois,46.4154,3.9054,18.71,94,0,0.0,FR,1688878881
444,cullman,34.1748,-86.8436,22.85,100,0,0.0,US,1688879350
445,lompoc,34.6391,-120.4579,14.32,93,100,7.2,US,1688878859
446,sanctuary point,-35.1114,150.629,17.96,52,4,7.09,AU,1688878946
447,ghat,24.9647,10.1728,26.3,21,28,2.04,LY,1688879351
448,al bawiti,28.3492,28.8659,26.55,48,0,6.26,EG,1688878797
449,praia da vitoria,38.7333,-27.0667,19.31,87,30,2.51,PT,1688879351
450,paragominas,-2.9667,-47.4833,22.69,90,59,0.82,BR,1688879352
451,bol,13.4586,14.7147,27.29,74,100,3.39,TD,1688879353
452,armyansk,46.1092,33.6921,22.22,79,100,5.78,UA,1688879353
453,akureyri,65.6835,-18.0878,16.83,72,96,1.63,IS,1688878962
454,palmer,42.1584,-72.3287,23.34,85,75,0.0,US,1688878839
455,adh dhayd,25.2881,55.8816,40.37,20,4,3.28,AE,1688879354
456,byron bay,-28.65,153.6167,20.94,37,0,0.86,AU,1688879085
457,sirte,31.2089,16.5887,25.97,67,0,2.48,LY,1688879354
458,nuuk,64.1835,-51.7216,7.34,81,100,1.54,GL,1688878871
459,al kharijah,25.4514,30.5464,28.75,34,3,5.32,EG,1688879355
460,la passe,45.5549,-0.8967,19.13,89,5,3.03,FR,1688878918
461,mahibadhoo,3.7833,72.9667,28.17,71,44,3.6,MV,1688879355
462,kuala belait,4.5833,114.1833,27.08,77,95,3.26,BN,1688879356
463,butterworth,5.3991,100.3638,29.02,74,20,1.54,MY,1688879356
464,yatou,37.15,122.3833,33.22,43,65,3.65,CN,1688879081
465,potosi,-19.5836,-65.7531,4.2,14,12,1.88,BO,1688879133
466,qamdo,31.1667,97.2333,16.88,47,100,2.87,CN,1688878785
467,mejit,10.2753,170.8646,28.15,79,100,8.99,MH,1688878903
468,kaa-khem,51.6833,94.7333,26.3,38,14,3.75,RU,1688879357
469,kingston,17.997,-76.7936,26.25,90,1,0.89,JM,1688878891
470,lata,40.1629,-8.3327,13.93,98,6,1.23,PT,1688878874
471,opuwo,-18.0607,13.84,12.91,39,0,2.35,,1688878931
472,inhambane,-23.865,35.3833,19.99,88,0,3.09,MZ,1688878840
473,zahedan,29.4963,60.8629,29.95,15,0,0.0,IR,1688879359
474,myitkyina,25.3833,97.4,24.08,100,100,0.12,MM,1688879359
475,la pila,22.05,-100.8667,17.82,90,75,2.04,MX,1688879359
476,isla vista,34.4133,-119.861,18.67,83,0,3.58,US,1688879359
477,shitanjing,39.2342,106.3439,31.79,15,48,4.28,CN,1688879360
478,igarka,67.4667,86.5833,13.54,93,100,3.45,RU,1688878912
479,ridder,50.355,83.5133,21.98,49,31,2.51,KZ,1688879360
480,monduli,-3.3,36.45,14.15,78,55,1.86,TZ,1688879361
481,nouadhibou,20.931,-17.0347,21.99,78,5,8.75,MR,1688878791
482,kavieng,-2.5744,150.7967,25.01,90,100,1.91,PG,1688878955
483,la mira,18.035,-102.3266,25.7,85,60,1.6,MX,1688879361
484,cukai,4.25,103.4167,27.93,78,98,3.28,MY,1688879362
485,buka,40.8108,69.1986,33.46,19,0,3.21,UZ,1688879362
486,askoy,60.4092,5.226,17.24,49,0,1.03,NO,1688879362
487,kattivakkam,13.2167,80.3167,33.05,52,100,3.79,IN,1688878854
488,hilo,19.7297,-155.09,24.6,94,94,2.68,US,1688878807
489,kitimat,54.0524,-128.6534,20.38,60,59,4.47,CA,1688879363
490,three points,32.0767,-111.3137,36.09,19,0,2.57,US,1688879364
491,kalmunai,7.4167,81.8167,31.77,55,81,1.64,LK,1688879364
492,atuntaqui,0.3333,-78.2167,11.2,90,65,2.23,EC,1688879365
493,bismarck,46.8083,-100.7837,19.25,62,75,3.09,US,1688878800
494,porto calvo,-9.045,-35.3983,22.33,93,34,0.54,BR,1688879366
495,kourou,5.1552,-52.6478,24.03,87,51,1.32,GF,1688879366
496,shizuishan,39.2333,106.7694,34.68,13,32,3.4,CN,1688879367
497,corner brook,48.9667,-57.9484,16.34,98,44,1.0,CA,1688879367
498,mandal,25.45,74.5667,30.95,60,97,2.91,IN,1688879367
499,tubarjal,30.4999,38.216,27.06,35,0,5.13,SA,1688879368
500,puerto ayacucho,5.6639,-67.6236,22.97,96,99,1.0,VE,1688879368
501,tuxpam de rodriguez cano,20.95,-97.4,26.29,91,67,2.77,MX,1688879368
502,esmeraldas,-19.7625,-44.3139,14.48,53,8,0.43,BR,1688879368
503,fort st. john,56.2499,-120.8529,24.94,38,0,2.06,CA,1688878800
504,ridgecrest,35.6225,-117.6709,29.92,22,0,7.72,US,1688879369
505,cristalina,-16.7686,-47.6136,13.9,48,3,0.38,BR,1688879369
506,arkhangel'sk,64.5401,40.5433,9.15,77,83,2.86,RU,1688878942
507,marsh harbour,26.5412,-77.0636,29.09,73,93,5.67,BS,1688879370
508,vorkuta,67.5,64.0,8.17,68,100,2.32,RU,1688879370
509,westport,41.1415,-73.3579,24.49,89,0,0.0,US,1688879370
510,nadi,-17.8,177.4167,28.0,57,20,5.66,FJ,1688879295
511,rovnoye,50.7765,46.0509,27.54,44,100,3.88,RU,1688879371
512,middle island,40.8843,-72.9373,24.94,93,20,0.0,US,1688879371
513,owando,-0.4819,15.8999,22.74,78,70,1.24,CG,1688879372
514,campbell river,50.0163,-125.2446,18.58,91,6,0.16,CA,1688879372
515,newcastle,-32.9272,151.7765,19.49,47,0,10.8,AU,1688879109
516,karratha,-20.7377,116.8463,24.75,24,3,7.55,AU,1688878877
517,tejar,9.7462,-84.2337,22.1,92,100,1.41,CR,1688879373
518,orsk,51.2049,58.5668,30.92,28,99,6.21,RU,1688879200
519,grand-bassam,5.2118,-3.7388,24.98,91,95,2.92,CI,1688879373
520,erdenet,49.0333,104.0833,16.83,82,100,3.29,MN,1688879374
521,n'dalatando,-9.2978,14.9116,14.57,88,70,0.91,AO,1688879374
522,lubumbashi,-11.6609,27.4794,10.45,68,0,1.54,CD,1688879374
523,severo-yeniseyskiy,60.3725,93.0408,25.9,43,93,3.92,RU,1688878946
524,lihue,21.9789,-159.3672,24.64,74,100,6.32,US,1688878826
525,starocherkasskaya,47.2408,40.0419,23.52,80,45,3.42,RU,1688879376
526,lianghu,29.9915,120.8985,32.68,66,98,1.63,CN,1688879376
527,sambava,-14.2667,50.1667,21.86,75,78,4.61,MG,1688878877
528,prainha,-1.8,-53.48,23.5,84,38,1.33,BR,1688879376
529,kampene,-3.6,26.6667,19.49,67,6,0.9,CD,1688879377
530,grantsville,40.5999,-112.4644,26.52,41,0,3.09,US,1688879377
531,gole,52.1665,20.4937,19.56,57,9,2.78,PL,1688879377
532,sandnessjoen,66.0217,12.6316,11.47,82,100,1.34,NO,1688878923
533,ixtapa,20.7,-105.2,27.35,94,75,1.03,MX,1688879378
534,xinyuan,37.3,99.0,21.75,44,9,3.49,CN,1688879378
535,chibougamau,49.9168,-74.3659,15.22,85,100,2.44,CA,1688878824
536,hit,33.6416,42.8251,34.25,29,0,5.98,IQ,1688879378
537,la esperanza,14.8667,-91.5667,12.52,97,100,0.55,GT,1688879379
538,vapnyarka,48.5348,28.7436,17.2,71,100,5.98,UA,1688879379
539,ceres,37.5949,-120.9577,19.56,52,0,6.17,US,1688879380
540,magsaysay,6.7667,125.1833,30.83,69,81,2.69,PH,1688879380
541,yaren,-0.5472,166.916,25.95,87,100,4.84,NR,1688878893
542,zhangjiakou,40.81,114.8794,30.93,26,23,5.84,CN,1688878956
543,neiafu,-18.65,-173.9833,26.38,73,20,0.0,TO,1688879380
544,pauini,-7.7136,-66.9764,23.37,93,74,0.99,BR,1688879381
545,cromwell,41.5951,-72.6454,24.34,93,20,1.54,US,1688879381
546,hilton head island,32.2163,-80.7526,26.66,94,40,2.06,US,1688879381
547,portao,-29.7017,-51.2419,16.47,95,66,1.34,BR,1688879382
548,biloela,-24.4167,150.5,22.49,23,4,5.46,AU,1688879382
549,sitka,57.0531,-135.33,12.06,83,7,2.42,US,1688878787
550,mulchen,-37.7167,-72.2333,6.45,96,90,0.5,CL,1688879382
551,yuzhno-kurilsk,44.0306,145.8556,17.86,80,63,3.13,RU,1688878799
552,arteche,12.2645,125.4048,29.94,66,100,1.96,PH,1688879383
553,puerto deseado,-47.7503,-65.8938,0.85,75,84,4.4,AR,1688878914
554,el granada,37.5027,-122.4694,14.6,85,100,9.26,US,1688878847
555,penon blanco,24.7897,-104.0369,22.44,61,33,1.87,MX,1688879384
556,novyy urgal,51.0736,132.5642,29.93,41,85,1.55,RU,1688878882
557,alta,69.9689,23.2717,11.59,72,57,1.54,NO,1688879384
558,lovington,32.944,-103.3485,28.98,44,46,2.68,US,1688879384
559,suntar,62.1444,117.6319,24.51,33,52,1.15,RU,1688879385
560,mahina,-17.5065,-149.489,26.87,69,20,4.12,PF,1688878818
561,sabang,5.8933,95.3214,27.08,80,96,8.64,ID,1688879385
562,karatuzskoye,53.6072,92.8667,23.46,54,32,4.92,RU,1688879386
563,kristiansund,63.1115,7.732,14.03,94,75,2.06,NO,1688878832
564,vallenar,-28.5708,-70.7581,12.87,49,100,0.46,CL,1688879387
565,guerrero negro,27.9769,-114.0611,17.34,85,0,6.47,MX,1688878807
566,watampone,-4.5386,120.3279,28.78,68,26,4.25,ID,1688879388
567,kalabo,-14.97,22.6814,8.55,69,0,1.94,ZM,1688878885
568,mata-utu,-13.2816,-176.1745,27.99,72,82,8.56,WF,1688879388
569,cambria,35.5641,-121.0808,18.47,80,0,4.91,US,1688879389
570,raduzhny,62.0961,77.475,21.52,52,34,4.16,RU,1688879389
571,cloquet,46.7216,-92.4594,14.77,90,0,0.0,US,1688879389
572,usogorsk,63.4106,48.6872,11.52,97,100,2.87,RU,1688879390
573,san mateo del mar,16.2,-95.0,26.79,82,100,1.35,MX,1688879390
574,coquimbo,-29.9533,-71.3436,13.66,70,100,1.64,CL,1688878827
575,camayenne,9.535,-13.6878,26.62,82,99,2.98,GN,1688879391
576,mossel bay,-34.1831,22.146,9.81,78,64,10.1,ZA,1688879391
577,gizo,-8.103,156.8419,27.88,83,95,8.89,SB,1688879391
578,latacunga,-0.9333,-78.6167,11.19,95,94,2.27,EC,1688879392
579,joao pinheiro,-17.7425,-46.1725,16.3,45,2,1.21,BR,1688879392
580,lindale,32.5157,-95.4094,24.31,98,53,3.85,US,1688879392
581,longonjo,-12.9067,15.2533,10.62,45,6,1.63,AO,1688879393
582,perryton,36.4,-100.8027,22.33,82,100,7.2,US,1688879393
583,salem,11.65,78.1667,30.11,66,75,1.03,IN,1688879100
584,vradiyivka,47.862,30.5919,17.98,61,100,8.43,UA,1688879394
585,nowe miasto lubawskie,53.4208,19.5952,16.73,60,53,2.55,PL,1688879394
586,loango,-4.6719,11.8312,19.62,93,93,1.93,CG,1688879394
